Ano,Mês,Dados decimais,Média mês,Linear,Logarítmica,Exponencial
1958,3,"1958,2027","315,71","303,7180429","315,0682776","315,7018412"
1958,4,"1958,2877","317,45","303,8603487","315,213497","315,8242228"
1958,5,"1958,3699","317,51","303,9979668","315,3539268","315,9426182"
1958,6,"1958,4548","317,27","304,1401053","315,4989631","316,0649491"
1958,7,"1958,537","315,87","304,2777234","315,6393808","316,1834347"
1958,8,"1958,6219","314,93","304,4198618","315,7844047","316,3058588"
1958,9,"1958,7068","313,21","304,5620002","315,9294223","316,4283303"
1958,10,"1958,789","312,42","304,6996184","316,069822","316,5469522"
1958,11,"1958,874","313,33","304,8419242","316,214998","316,6696614"
1958,12,"1958,9562","314,67","304,9795423","316,3553858","316,7883738"
1959,1,"1959,0411","315,58","305,1216807","316,5003786","316,9110321"
1959,2,"1959,126","316,49","305,2638192","316,6453652","317,0337379"
1959,3,"1959,2027","316,65","305,3922293","316,7763429","317,1446332"
1959,4,"1959,2877","317,72","305,5345351","316,9214882","317,2675741"
1959,5,"1959,3699","318,29","305,6721532","317,0618463","317,3865106"
1959,6,"1959,4548","318,15","305,8142916","317,2068086","317,5094005"
1959,7,"1959,537","316,54","305,9519098","317,3471547","317,6284276"
1959,8,"1959,6219","314,8","306,0940482","317,4921046","317,7514112"
1959,9,"1959,7068","313,84","306,2361866","317,6370481","317,8744425"
1959,10,"1959,789","313,33","306,3738047","317,7773762","317,9936064"
1959,11,"1959,874","314,81","306,5161106","317,9224782","318,1168765"
1959,12,"1959,9562","315,58","306,6537287","318,0627943","318,2361313"
1960,1,"1960,041","316,43","306,7956997","318,2075424","318,3592051"
1960,2,"1960,1257","316,98","306,9375033","318,3521137","318,4821812"
1960,3,"1960,2049","317,58","307,0700989","318,4872915","318,5972148"
1960,4,"1960,2896","319,03","307,2119024","318,6318506","318,7202829"
1960,5,"1960,3716","320,03","307,3491857","318,7717957","318,8394732"
1960,6,"1960,4563","319,58","307,4909893","318,9163425","318,9626348"
1960,7,"1960,5383","318,18","307,6282726","319,0562757","319,0819157"
1960,8,"1960,623","315,9","307,7700762","319,2008102","319,205171"
1960,9,"1960,7077","314,17","307,9118798","319,3453385","319,3284739"
1960,10,"1960,7896","313,83","308,0489956","319,4850831","319,447746"
1960,11,"1960,8743",315,"308,1907992","319,6295991","319,5711426"
1960,12,"1960,9563","316,19","308,3280825","319,7695025","319,6906511"
1961,1,"1961,0411","316,89","308,4700535","319,9141768","319,8142873"
1961,2,"1961,126","317,7","308,6121919","320,0590155","319,9381173"
1961,3,"1961,2027","318,54","308,740602","320,1898597","320,0500284"
1961,4,"1961,2877","319,48","308,8829079","320,334857","320,1740957"
1961,5,"1961,3699","320,58","309,020526","320,475072","320,2941217"
1961,6,"1961,4548","319,77","309,1626644","320,6198864","320,4181375"
1961,7,"1961,537","318,56","309,3002825","320,7600894","320,538255"
1961,8,"1961,6219","316,79","309,4424209","320,9048915","320,6623653"
1961,9,"1961,7068","314,99","309,5845594","321,0496873","320,7865236"
1961,10,"1961,789","315,31","309,7221775","321,1898723","320,9067792"
1961,11,"1961,874","316,1","309,8644833","321,3348263","321,0311786"
1961,12,"1961,9562","317,01","310,0021015","321,4749994","321,1515259"
1962,1,"1962,0411","317,94","310,1442399","321,6197705","321,2758737"
1962,2,"1962,126","318,55","310,2863783","321,7645354","321,4002695"
1962,3,"1962,2027","319,68","310,4147884","321,8953129","321,5126921"
1962,4,"1962,2877","320,57","310,5570942","322,0402363","321,6373264"
1962,5,"1962,3699","321,02","310,6947124","322,1803798","321,7579009"
1962,6,"1962,4548","320,62","310,8368508","322,3251204","321,8824834"
1962,7,"1962,537","319,61","310,9744689","322,465252","322,0031499"
1962,8,"1962,6219","317,4","311,1166073","322,6099803","322,1278274"
1962,9,"1962,7068","316,24","311,2587458","322,7547024","322,2525531"
1962,10,"1962,789","315,42","311,3963639","322,894816","322,3733584"
1962,11,"1962,874","316,69","311,5386697","323,0396961","322,4983262"
1962,12,"1962,9562","317,7","311,6762878","323,1797978","322,6192236"
1963,1,"1963,0411","318,74","311,8184263","323,3244952","322,7441396"
1963,2,"1963,126","319,07","311,9605647","323,4691863","322,869104"
1963,3,"1963,2027","319,86","312,0889748","323,5998971","322,9820404"
1963,4,"1963,2877","321,38","312,2312806","323,7447468","323,1072442"
1963,5,"1963,3699","322,24","312,3688987","323,8848189","323,2283698"
1963,6,"1963,4548","321,49","312,5110372","324,0294858","323,3535217"
1963,7,"1963,537","319,74","312,6486553","324,169546","323,4747396"
1963,8,"1963,6219","317,77","312,7907937","324,3142006","323,5999869"
1963,9,"1963,7068","316,21","312,9329321","324,4588489","323,7252826"
1963,10,"1963,789","315,99","313,0705503","324,5988912","323,8466399"
1963,11,"1963,874","317,07","313,2128561","324,7436976","323,9721789"
1963,12,"1963,9562","318,35","313,3504742","324,8837279","324,0936288"
1964,1,"1964,041","319,57","313,4924452","325,0281813","324,2189678"
1964,2,"1964,1257","320,04","313,6342488","325,1724581","324,3442075"
1964,3,"1964,2049","320,75","313,7668444","325,3073606","324,4613584"
1964,4,"1964,2896","321,84","313,908648","325,4516254","324,5866917"
1964,5,"1964,3716","322,25","314,0459312","325,5912854","324,7080758"
1964,6,"1964,4563","321,89","314,1877348","325,7355379","324,8335044"
1964,7,"1964,5383","320,44","314,3250181","325,8751862","324,9549808"
1964,8,"1964,623","318,69","314,4668217","326,0194264","325,0805047"
1964,9,"1964,7077","316,71","314,6086253","326,1636605","325,2060772"
1964,10,"1964,7896","316,87","314,7457411","326,3031206","325,3275446"
1964,11,"1964,8743","317,68","314,8875447","326,4473424","325,4532124"
1964,12,"1964,9563","318,71","315,024828","326,5869609","325,5749206"
1965,1,"1965,0411","319,44","315,166799","326,7313407","325,7008325"
1965,2,"1965,126","320,44","315,3089374","326,8758846","325,8269417"
1965,3,"1965,2027","320,89","315,4373475","327,0064625","325,9409127"
1965,4,"1965,2877","322,14","315,5796534","327,1511647","326,0672635"
1965,5,"1965,3699","322,17","315,7172715","327,2910943","326,1894988"
1965,6,"1965,4548","321,87","315,8594099","327,4356139","326,3157972"
1965,7,"1965,537","321,21","315,997028","327,5755316","326,4381256"
1965,8,"1965,6219","318,87","316,1391665","327,720039","326,5645203"
1965,9,"1965,7068","317,82","316,2813049","327,8645402","326,6909639"
1965,10,"1965,789","317,3","316,418923","328,00444","326,813433"
1965,11,"1965,874","318,87","316,5612289","328,149099","326,940122"
1965,12,"1965,9562","319,42","316,698847","328,2889869","327,0626845"
1966,1,"1966,0411","320,62","316,8409854","328,4334635","327,189321"
1966,2,"1966,126","321,6","316,9831238","328,5779338","327,3160065"
1966,3,"1966,2027","322,39","317,1115339","328,7084452","327,4304984"
1966,4,"1966,2877","323,7","317,2538398","328,8530739","327,5574267"
1966,5,"1966,3699","324,08","317,3914579","328,9929323","327,6802205"
1966,6,"1966,4548","323,75","317,5335963","329,1373785","327,8070961"
1966,7,"1966,537","322,37","317,6712144","329,277225","327,9299836"
1966,8,"1966,6219","320,36","317,8133528","329,421659","328,0569559"
1966,9,"1966,7068","318,64","317,9554913","329,5660866","328,1839774"
1966,10,"1966,789","318,1","318,0931094","329,7059153","328,3070062"
1966,11,"1966,874","319,78","318,2354152","329,8505008","328,4342742"
1966,12,"1966,9562","321,02","318,3730333","329,9903175","328,5573968"
1967,1,"1967,0411","322,33","318,5151718","330,1347207","328,684612"
1967,2,"1967,126","322,5","318,6573102","330,2791176","328,8118765"
1967,3,"1967,2027","323,03","318,7857203","330,4095626","328,9268916"
1967,4,"1967,2877","324,41","318,9280261","330,5541177","329,0544"
1967,5,"1967,3699",325,"319,0656443","330,6939051","329,177755"
1967,6,"1967,4548","324,09","319,2077827","330,8382778","329,3052105"
1967,7,"1967,537","322,54","319,3454008","330,9780533","329,4286596"
1967,8,"1967,6219","320,92","319,4875392","331,1224138","329,5562122"
1967,9,"1967,7068","319,25","319,6296776","331,2667681","329,6838141"
1967,10,"1967,789","319,39","319,7672958","331,4065257","329,8074051"
1967,11,"1967,874","320,73","319,9096016","331,5510377","329,9352548"
1967,12,"1967,9562","321,96","320,0472197","331,6907834","330,0589401"
1968,1,"1968,041","322,57","320,1891907","331,8349432","330,1865862"
1968,2,"1968,1257","323,15","320,3309943","331,9789267","330,314131"
1968,3,"1968,2049","323,89","320,4635899","332,1135551","330,4334382"
1968,4,"1968,2896","325,02","320,6053935","332,2575267","330,5610784"
1968,5,"1968,3716","325,57","320,7426767","332,3969029","330,6846967"
1968,6,"1968,4563","325,36","320,8844803","332,5408623","330,812434"
1968,7,"1968,5383","324,14","321,0217636","332,6802268","330,9361463"
1968,8,"1968,623","322,11","321,1635672","332,824174","331,0639806"
1968,9,"1968,7077","320,33","321,3053708","332,968115","331,1918644"
1968,10,"1968,7896","320,25","321,4424867","333,1072917","331,3155675"
1968,11,"1968,8743","321,32","321,5842902","333,2512205","331,4435484"
1968,12,"1968,9563","322,89","321,7215735","333,3905554","331,5674968"
1969,1,"1969,0411",324,"321,8635445","333,5346419","331,6957263"
1969,2,"1969,126","324,41","322,005683","333,6788921","331,8241566"
1969,3,"1969,2027","325,63","322,134093","333,8092047","331,9402254"
1969,4,"1969,2877","326,66","322,2763989","333,953613","332,0689019"
1969,5,"1969,3699","327,38","322,414017","334,0932584","332,193387"
1969,6,"1969,4548","326,71","322,5561554","334,2374846","332,3220101"
1969,7,"1969,537","325,88","322,6937736","334,3771181","332,4465901"
1969,8,"1969,6219","323,66","322,835912","334,521332","332,5753112"
1969,9,"1969,7068","322,38","322,9780504","334,6655397","332,7040821"
1969,10,"1969,789","321,78","323,1156685","334,8051554","332,8288054"
1969,11,"1969,874","322,85","323,2579744","334,9495207","332,9578263"
1969,12,"1969,9562","324,11","323,3955925","335,0891245","333,0826447"
1970,1,"1970,0411","325,06","323,5377309","335,2333077","333,2116121"
1970,2,"1970,126","325,99","323,6798693","335,3774848","333,3406294"
1970,3,"1970,2027","326,93","323,8082794","335,5077312","333,4572286"
1970,4,"1970,2877","328,13","323,9505853","335,6520662","333,5864931"
1970,5,"1970,3699","328,08","324,0882034","335,7916407","333,7115472"
1970,6,"1970,4548","327,67","324,2303418","335,9357937","333,8407581"
1970,7,"1970,537","326,34","324,3679599","336,0753563","333,9659074"
1970,8,"1970,6219","324,68","324,5100984","336,2194971","334,0952168"
1970,9,"1970,7068","323,1","324,6522368","336,3636316","334,2245762"
1970,10,"1970,789","323,06","324,7898549","336,5031764","334,3498695"
1970,11,"1970,874","324,01","324,9321607","336,6474685","334,47948"
1970,12,"1970,9562","325,13","325,0697789","336,7870015","334,6048689"
1971,1,"1971,0411","326,17","325,2119173","336,9311115","334,7344256"
1971,2,"1971,126","326,69","325,3540557","337,0752154","334,8640326"
1971,3,"1971,2027","327,18","325,4824658","337,2053958","334,9811647"
1971,4,"1971,2877","327,78","325,6247716","337,3496576","335,1110199"
1971,5,"1971,3699","328,93","325,7623898","337,4891613","335,2366455"
1971,6,"1971,4548","328,57","325,9045282","337,6332411","335,3664469"
1971,7,"1971,537","327,36","326,0421463","337,772733","335,4921682"
1971,8,"1971,6219","325,43","326,1842847","337,9168006","335,6220685"
1971,9,"1971,7068","323,36","326,3264232","338,060862","335,7520192"
1971,10,"1971,789","323,56","326,4640413","338,2003361","335,877885"
1971,11,"1971,874","324,8","326,6063471","338,344555","336,0080879"
1971,12,"1971,9562","326,01","326,7439652","338,4840172","336,1340498"
1972,1,"1972,041","326,77","326,8859362","338,6278845","336,2640453"
1972,2,"1972,1257","327,63","327,0277398","338,771576","336,3939377"
1972,3,"1972,2049","327,75","327,1603354","338,9059314","336,515441"
1972,4,"1972,2896","329,72","327,302139","339,0496109","336,6454305"
1972,5,"1972,3716","330,07","327,4394223","339,1887045","336,7713242"
1972,6,"1972,4563","329,09","327,5812258","339,332372","336,9014125"
1972,7,"1972,5383","328,04","327,7185091","339,4714538","337,0274019"
1972,8,"1972,623","326,32","327,8603127","339,6151091","337,1575892"
1972,9,"1972,7077","324,84","328,0021163","339,7587582","337,2878268"
1972,10,"1972,7896","325,2","328,1392322","339,8976528","337,4138068"
1972,11,"1972,8743","326,5","328,2810358","340,0412897","337,5441434"
1972,12,"1972,9563","327,55","328,418319","340,1803421","337,6703732"
1973,1,"1973,0411","328,55","328,56029","340,3241365","337,8009628"
1973,2,"1973,126","329,57","328,7024285","340,4680943","337,9317571"
1973,3,"1973,2027","330,3","328,8308386","340,5981428","338,0499623"
1973,4,"1973,2877","331,5","328,9731444","340,7422583","338,1810072"
1973,5,"1973,3699","332,48","329,1107625","340,8816206","338,3077836"
1973,6,"1973,4548","332,07","329,2529009","341,0255545","338,4387741"
1973,7,"1973,537","330,87","329,3905191","341,164905","338,5656472"
1973,8,"1973,6219","329,31","329,5326575","341,3088266","338,6967375"
1973,9,"1973,7068","327,52","329,6747959","341,452742","338,8278786"
1973,10,"1973,789","327,19","329,812414","341,5920748","338,9548976"
1973,11,"1973,874","328,17","329,9547199","341,7361475","339,0862933"
1973,12,"1973,9562","328,65","330,092338","341,8754684","339,2134091"
1974,1,"1974,0411","329,36","330,2344764","342,0193595","339,3447502"
1974,2,"1974,126","330,71","330,3766148","342,1632444","339,4761423"
1974,3,"1974,2027","331,49","330,5050249","342,2932269","339,5948876"
1974,4,"1974,2877","332,65","330,6473308","342,4372695","339,7265314"
1974,5,"1974,375","333,19","330,7934873","342,5852032","339,8617904"
1974,6,"1974,4583","332,2","330,932947","342,7263527","339,9909022"
1974,7,"1974,5417","331,07","331,0725741","342,8676656","340,1202182"
1974,8,"1974,625","329,15","331,2120338","343,0088031","340,2494281"
1974,9,"1974,7083","327,33","331,3514936","343,1499347","340,3786872"
1974,10,"1974,7917","327,28","331,4911207","343,2912297","340,5081506"
1974,11,"1974,875","328,31","331,6305804","343,4323494","340,637508"
1974,12,"1974,9583","329,58","331,7700402","343,5734631","340,7669145"
1975,1,"1975,0417","330,73","331,9096673","343,7147403","340,8965255"
1975,2,"1975,125","331,46","332,049127","343,8558421","341,0260304"
1975,3,"1975,2083","331,94","332,1885868","343,9969379","341,1555845"
1975,4,"1975,2917","333,11","332,3282139","344,1381972","341,2853434"
1975,5,"1975,375","333,95","332,4676736","344,2792811","341,414996"
1975,6,"1975,4583","333,42","332,6071334","344,4203591","341,5446979"
1975,7,"1975,5417","331,97","332,7467605","344,5616005","341,6746048"
1975,8,"1975,625","329,95","332,8862202","344,7026666","341,8044053"
1975,9,"1975,7083","328,49","333,02568","344,8437268","341,9342551"
1975,10,"1975,7917","328,36","333,1653071","344,9849503","342,0643102"
1975,11,"1975,875","329,38","333,3047668","345,1259985","342,1942587"
1975,12,"1975,9583","330,78","333,4442265","345,2670408","342,3242566"
1976,1,"1976,0417","331,56","333,5838537","345,4082465","342,45446"
1976,2,"1976,125","332,74","333,7233134","345,5492769","342,5845567"
1976,3,"1976,2083","333,36","333,8627731","345,6903013","342,7147029"
1976,4,"1976,2917","334,74","334,0024003","345,8314891","342,8450548"
1976,5,"1976,375","334,72","334,14186","345,9725017","342,9753"
1976,6,"1976,4583","333,97","334,2813197","346,1135083","343,1055946"
1976,7,"1976,5417","333,08","334,4209469","346,2546782","343,2360952"
1976,8,"1976,625","330,68","334,5604066","346,395673","343,3664889"
1976,9,"1976,7083","328,96","334,6998663","346,5366618","343,4969321"
1976,10,"1976,7917","328,72","334,8394935","346,6778138","343,6275815"
1976,11,"1976,875","330,16","334,9789532","346,8187907","343,7581239"
1976,12,"1976,9583","331,62","335,1184129","346,9597617","343,8887159"
1977,1,"1977,0417","332,68","335,2580401","347,1008959","344,0195144"
1977,2,"1977,125","333,17","335,3974998","347,241855","344,1502057"
1977,3,"1977,2083","334,96","335,5369595","347,3828081","344,2809466"
1977,4,"1977,2917","336,14","335,6765867","347,5239245","344,4118943"
1977,5,"1977,375","336,93","335,8160464","347,6648657","344,5427347"
1977,6,"1977,4583","336,17","335,9555061","347,805801","344,6736247"
1977,7,"1977,5417","334,89","336,0951333","347,9468996","344,8047217"
1977,8,"1977,625","332,56","336,234593","348,087823","344,9357113"
1977,9,"1977,7083","331,29","336,3740527","348,2287405","345,0667507"
1977,10,"1977,7917","331,28","336,5136799","348,3698212","345,1979972"
1977,11,"1977,875","332,46","336,6531396","348,5107268","345,3291362"
1977,12,"1977,9583","333,6","336,7925993","348,6516265","345,460325"
1978,1,"1978,0417","334,94","336,9322264","348,7926894","345,5917213"
1978,2,"1978,125","335,26","337,0716862","348,9335772","345,7230098"
1978,3,"1978,2083","336,66","337,2111459","349,0744591","345,8543483"
1978,4,"1978,2917","337,69","337,350773","349,2155041","345,9858944"
1978,5,"1978,375","338,02","337,4902328","349,3563741","346,1173327"
1978,6,"1978,4583","338,01","337,6296925","349,4972382","346,2488209"
1978,7,"1978,5417","336,5","337,7693196","349,6382654","346,3805171"
1978,8,"1978,625","334,42","337,9087794","349,7791176","346,5121053"
1978,9,"1978,7083","332,36","338,0482391","349,9199639","346,6437435"
1978,10,"1978,7917","332,45","338,1878662","350,0609733","346,7755899"
1978,11,"1978,875","333,76","338,327326","350,2018077","346,9073282"
1978,12,"1978,9583","334,91","338,4667857","350,3426362","347,0391166"
1979,1,"1979,0417","336,14","338,6064128","350,4836278","347,1711133"
1979,2,"1979,125","336,69","338,7458726","350,6244444","347,3030019"
1979,3,"1979,2083","338,27","338,8853323","350,7652551","347,4349405"
1979,4,"1979,2917","338,82","339,0249594","350,9062289","347,5670878"
1979,5,"1979,375","339,24","339,1644191","351,0470277","347,6991268"
1979,6,"1979,4583","339,26","339,3038789","351,1878207","347,831216"
1979,7,"1979,5417","337,54","339,443506","351,3287766","347,963514"
1979,8,"1979,625","335,72","339,5829657","351,4695577","348,0957036"
1979,9,"1979,7083","333,97","339,7224255","351,6103328","348,2279434"
1979,10,"1979,7917","334,24","339,8620526","351,751271","348,3603923"
1979,11,"1979,875","335,32","340,0015123","351,8920343","348,4927327"
1979,12,"1979,9583","336,81","340,1409721","352,0327916","348,6251233"
1980,1,"1980,0417","337,9","340,2805992","352,173712","348,7577233"
1980,2,"1980,125","338,34","340,4200589","352,3144575","348,8902146"
1980,3,"1980,2083","340,07","340,5595187","352,4551971","349,0227563"
1980,4,"1980,2917","340,93","340,6991458","352,5960997","349,1555075"
1980,5,"1980,375","341,45","340,8386055","352,7368274","349,2881499"
1980,6,"1980,4583","341,36","340,9780653","352,8775493","349,4208427"
1980,7,"1980,5417","339,45","341,1176924","353,0184341","349,5537453"
1980,8,"1980,625","337,67","341,2571521","353,159144","349,6865391"
1980,9,"1980,7083","336,25","341,3966118","353,2998481","349,8193832"
1980,10,"1980,7917","336,14","341,536239","353,4407151","349,9524374"
1980,11,"1980,875","337,3","341,6756987","353,5814073","350,0853826"
1980,12,"1980,9583","338,29","341,8151584","353,7220936","350,2183783"
1981,1,"1981,0417","339,29","341,9547856","353,8629429","350,3515843"
1981,2,"1981,125","340,55","342,0942453","354,0036173","350,4846811"
1981,3,"1981,2083","341,63","342,233705","354,1442859","350,6178285"
1981,4,"1981,2917","342,6","342,3733322","354,2851174","350,7511864"
1981,5,"1981,375","343,04","342,5127919","354,4257741","350,884435"
1981,6,"1981,4583","342,54","342,6522516","354,5664249","351,0177343"
1981,7,"1981,5417","340,82","342,7918788","354,7072386","351,1512443"
1981,8,"1981,625","338,48","342,9313385","354,8478775","351,2846449"
1981,9,"1981,7083","336,95","343,0707982","354,9885106","351,4180961"
1981,10,"1981,7917","337,05","343,2104254","355,1293065","351,5517584"
1981,11,"1981,875","338,58","343,3498851","355,2699278","351,6853112"
1981,12,"1981,9583","339,91","343,4893448","355,4105431","351,8189147"
1982,1,"1982,0417","340,93","343,628972","355,5513213","351,9527294"
1982,2,"1982,125","341,76","343,7684317","355,6919247","352,0864345"
1982,3,"1982,2083","342,77","343,9078914","355,8325223","352,2201904"
1982,4,"1982,2917","343,96","344,0475186","355,9732828","352,3541577"
1982,5,"1982,375","344,77","344,1869783","356,1138685","352,4880153"
1982,6,"1982,4583","343,88","344,326438","356,2544484","352,6219237"
1982,7,"1982,5417","342,42","344,4660652","356,395191","352,7560439"
1982,8,"1982,625","340,24","344,6055249","356,5357591","352,8900542"
1982,9,"1982,7083","338,37","344,7449846","356,6763212","353,0241153"
1982,10,"1982,7917","338,41","344,8846117","356,8170461","353,1583885"
1982,11,"1982,875","339,44","345,0240715","356,9575964","353,2925516"
1982,12,"1982,9583","340,78","345,1635312","357,0981408","353,4267656"
1983,1,"1983,0417","341,57","345,3031583","357,238848","353,5611919"
1983,2,"1983,125","342,78","345,4426181","357,3793806","353,6955081"
1983,3,"1983,2083","343,37","345,5820778","357,5199073","353,8298752"
1983,4,"1983,2917","345,4","345,7217049","357,6605967","353,9644548"
1983,5,"1983,375","346,14","345,8611647","357,8011116","354,0989241"
1983,6,"1983,4583","345,76","346,0006244","357,9416206","354,2334446"
1983,7,"1983,5417","344,32","346,1402515","358,0822923","354,3681777"
1983,8,"1983,625","342,51","346,2797113","358,2227895","354,5028004"
1983,9,"1983,7083","340,46","346,419171","358,3632807","354,6374742"
1983,10,"1983,7917","340,53","346,5587981","358,5039347","354,772361"
1983,11,"1983,875","341,79","346,6982579","358,6444142","354,9071372"
1983,12,"1983,9583","343,2","346,8377176","358,7848877","355,0419647"
1984,1,"1984,0417","344,21","346,9773447","358,925524","355,1770053"
1984,2,"1984,125","344,92","347,1168044","359,0659858","355,3119353"
1984,3,"1984,2083","345,68","347,2562642","359,2064416","355,4469165"
1984,4,"1984,2917","347,37","347,3958913","359,3470602","355,5821111"
1984,5,"1984,375","347,78","347,535351","359,4875042","355,717195"
1984,6,"1984,4583","347,16","347,6748108","359,6279424","355,8523302"
1984,7,"1984,5417","345,79","347,8144379","359,7685432","355,987679"
1984,8,"1984,625","343,74","347,9538976","359,9089696","356,122917"
1984,9,"1984,7083","341,59","348,0933574","360,0493901","356,2582063"
1984,10,"1984,7917","341,86","348,2329845","360,1899732","356,3937095"
1984,11,"1984,875","343,31","348,3724442","360,3303819","356,5291017"
1984,12,"1984,9583",345,"348,511904","360,4707847","356,6645453"
1985,1,"1985,0417","345,48","348,6515311","360,6113501","356,8002031"
1985,2,"1985,125","346,41","348,7909908","360,7517411","356,9357497"
1985,3,"1985,2083","347,91","348,9304506","360,8921262","357,0713478"
1985,4,"1985,2917","348,66","349,0700777","361,0326739","357,2071603"
1985,5,"1985,375","349,28","349,2095374","361,1730472","357,3428616"
1985,6,"1985,4583","348,65","349,3489971","361,3134147","357,4786143"
1985,7,"1985,5417","346,9","349,4886243","361,4539447","357,6145817"
1985,8,"1985,625","345,26","349,628084","361,5943003","357,7504377"
1985,9,"1985,7083","343,47","349,7675437","361,7346501","357,8863453"
1985,10,"1985,7917","343,35","349,9071709","361,8751624","358,0224678"
1985,11,"1985,875","344,73","350,0466306","362,0155004","358,1584788"
1985,12,"1985,9583","346,12","350,1860903","362,1558325","358,2945414"
1986,1,"1986,0417","346,78","350,3257175","362,2963271","358,4308191"
1986,2,"1986,125","347,48","350,4651772","362,4366474","358,5669852"
1986,3,"1986,2083","348,25","350,6046369","362,5769619","358,703203"
1986,4,"1986,2917","349,86","350,7442641","362,7174388","358,8396362"
1986,5,"1986,375","350,52","350,8837238","362,8577415","358,9759576"
1986,6,"1986,4583","349,98","351,0231835","362,9980382","359,1123307"
1986,7,"1986,5417","348,25","351,1628107","363,1384975","359,2489195"
1986,8,"1986,625","346,17","351,3022704","363,2787825","359,3853964"
1986,9,"1986,7083","345,48","351,4417301","363,4190616","359,5219251"
1986,10,"1986,7917","344,82","351,5813573","363,5595032","359,6586697"
1986,11,"1986,875","346,22","351,720817","363,6997706","359,7953022"
1986,12,"1986,9583","347,48","351,8602767","363,840032","359,9319867"
1987,1,"1987,0417","348,73","351,9999039","363,980456","360,0688872"
1987,2,"1987,125","348,92","352,1393636","364,1207057","360,2056756"
1987,3,"1987,2083","349,81","352,2788233","364,2609495","360,3425159"
1987,4,"1987,2917","351,4","352,4184505","364,4013558","360,4795726"
1987,5,"1987,375","352,15","352,5579102","364,5415878","360,616517"
1987,6,"1987,4583","351,58","352,6973699","364,681814","360,7535134"
1987,7,"1987,5417","350,21","352,836997","364,8222026","360,8907264"
1987,8,"1987,625","348,2","352,9764568","364,962417","361,027827"
1987,9,"1987,7083","346,66","353,1159165","365,1026255","361,1649797"
1987,10,"1987,7917","346,72","353,2555436","365,2429965","361,3023492"
1987,11,"1987,875","348,08","353,3950034","365,3831933","361,4396062"
1987,12,"1987,9583","349,28","353,5344631","365,5233842","361,5769153"
1988,1,"1988,0417","350,51","353,6740902","365,6637375","361,7144415"
1988,2,"1988,125","351,7","353,81355","365,8039166","361,851855"
1988,3,"1988,2083","352,5","353,9530097","365,9440899","361,9893207"
1988,4,"1988,2917","353,67","354,0926368","366,0844255","362,1270038"
1988,5,"1988,375","354,35","354,2320966","366,2245871","362,264574"
1988,6,"1988,4583","353,88","354,3715563","366,3647427","362,4021965"
1988,7,"1988,5417","352,8","354,5111834","366,5050607","362,5400366"
1988,8,"1988,625","350,49","354,6506431","366,6452046","362,6777637"
1988,9,"1988,7083","348,97","354,7901029","366,7853427","362,8155432"
1988,10,"1988,7917","349,37","354,92973","366,925643","362,9535405"
1988,11,"1988,875","350,42","355,0691897","367,0657693","363,0914248"
1988,12,"1988,9583","351,62","355,2086495","367,2058897","363,2293614"
1989,1,"1989,0417","353,07","355,3482766","367,3461725","363,3675161"
1989,2,"1989,125","353,43","355,4877363","367,4862811","363,5055576"
1989,3,"1989,2083","354,08","355,6271961","367,6263839","363,6436515"
1989,4,"1989,2917","355,72","355,7668232","367,7666491","363,7819638"
1989,5,"1989,375","355,95","355,9062829","367,9067401","363,9201628"
1989,6,"1989,4583","355,44","356,0457427","368,0468253","364,0584142"
1989,7,"1989,5417","354,05","356,1853698","368,1870728","364,1968843"
1989,8,"1989,625","351,84","356,3248295","368,3271463","364,3352409"
1989,9,"1989,7083","350,09","356,4642893","368,4672139","364,47365"
1989,10,"1989,7917","350,33","356,6039164","368,6074437","364,612278"
1989,11,"1989,875","351,55","356,7433761","368,7474996","364,7507924"
1989,12,"1989,9583","352,91","356,8828358","368,8875496","364,8893594"
1990,1,"1990,0417","353,86","357,022463","369,0277618","365,0281454"
1990,2,"1990,125","355,1","357,1619227","369,1678001","365,1668178"
1990,3,"1990,2083","355,75","357,3013824","369,3078325","365,3055429"
1990,4,"1990,2917","356,38","357,4410096","369,4480272","365,4444873"
1990,5,"1990,375","357,38","357,5804693","369,5880478","365,5833178"
1990,6,"1990,4583","356,39","357,719929","369,7280626","365,7222011"
1990,7,"1990,5417","354,89","357,8595562","369,8682397","365,8613039"
1990,8,"1990,625","353,06","357,9990159","370,0082428","366,0002928"
1990,9,"1990,7083","351,38","358,1384756","370,14824","366,1393345"
1990,10,"1990,7917","351,69","358,2781028","370,2883994","366,278596"
1990,11,"1990,875","353,14","358,4175625","370,4283849","366,4177434"
1990,12,"1990,9583","354,41","358,5570222","370,5683646","366,5569437"
1991,1,"1991,0417","354,93","358,6966494","370,7085064","366,6963641"
1991,2,"1991,125","355,82","358,8361091","370,8484744","366,8356702"
1991,3,"1991,2083","357,33","358,9755688","370,9884364","366,9750292"
1991,4,"1991,2917","358,77","359,115196","371,1285607","367,1146086"
1991,5,"1991,375","359,23","359,2546557","371,268511","367,2540736"
1991,6,"1991,4583","358,23","359,3941154","371,4084555","367,3935916"
1991,7,"1991,5417","356,3","359,5337426","371,5485622","367,5333302"
1991,8,"1991,625","353,97","359,6732023","371,688495","367,6729542"
1991,9,"1991,7083","352,34","359,812662","371,8284219","367,8126314"
1991,10,"1991,7917","352,43","359,9522892","371,968511","367,9525293"
1991,11,"1991,875","353,89","360,0917489","372,1084262","368,0923126"
1991,12,"1991,9583","355,21","360,2312086","372,2483356","368,2321491"
1992,1,"1992,0417","356,34","360,3708357","372,3884071","368,3722066"
1992,2,"1992,125","357,21","360,5102955","372,5283047","368,5121494"
1992,3,"1992,2083","357,97","360,6497552","372,6681965","368,6521453"
1992,4,"1992,2917","359,22","360,7893823","372,8082504","368,7923626"
1992,5,"1992,375","359,71","360,9288421","372,9481306","368,9324649"
1992,6,"1992,4583","359,44","361,0683018","373,0880048","369,0726205"
1992,7,"1992,5417","357,15","361,2079289","373,2280412","369,2129977"
1992,8,"1992,625","354,99","361,3473887","373,3679037","369,3532599"
1992,9,"1992,7083","353,01","361,4868484","373,5077604","369,4935754"
1992,10,"1992,7917","353,41","361,6264755","373,6477792","369,6341127"
1992,11,"1992,875","354,42","361,7659353","373,7876242","369,7745348"
1992,12,"1992,9583","355,68","361,905395","373,9274634","369,9150103"
1993,1,"1993,0417","357,1","362,0450221","374,0674646","370,0557079"
1993,2,"1993,125","357,42","362,1844819","374,2072921","370,1962902"
1993,3,"1993,2083","358,59","362,3239416","374,3471137","370,336926"
1993,4,"1993,2917","359,39","362,4635687","374,4870973","370,477784"
1993,5,"1993,375","360,3","362,6030284","374,6269073","370,6185267"
1993,6,"1993,4583","359,64","362,7424882","374,7667114","370,7593228"
1993,7,"1993,5417","357,45","362,8821153","374,9066775","370,9003416"
1993,8,"1993,625","355,76","363,021575","375,0464699","371,0412448"
1993,9,"1993,7083","354,14","363,1610348","375,1862564","371,1822015"
1993,10,"1993,7917","354,23","363,3006619","375,326205","371,3233811"
1993,11,"1993,875","355,53","363,4401216","375,4659799","371,464445"
1993,12,"1993,9583","357,03","363,5795814","375,6057489","371,6055624"
1994,1,"1994,0417","358,36","363,7192085","375,7456799","371,746903"
1994,2,"1994,125","359,04","363,8586682","375,8854372","371,8881278"
1994,3,"1994,2083","360,11","363,998128","376,0251888","372,0294063"
1994,4,"1994,2917","361,36","364,1377551","376,1651022","372,1709081"
1994,5,"1994,375","361,78","364,2772148","376,304842","372,312294"
1994,6,"1994,4583","360,94","364,4166746","376,444576","372,4537336"
1994,7,"1994,5417","359,51","364,5563017","376,584472","372,5953968"
1994,8,"1994,625","357,59","364,6957614","376,7241943","372,7369439"
1994,9,"1994,7083","355,86","364,8352211","376,8639108","372,8785448"
1994,10,"1994,7917","356,21","364,9748483","377,0037891","373,0203696"
1994,11,"1994,875","357,65","365,114308","377,143494","373,1620782"
1994,12,"1994,9583","359,1","365,2537677","377,2831929","373,3038406"
1995,1,"1995,0417","360,04","365,3933949","377,4230538","373,4458271"
1995,2,"1995,125",361,"365,5328546","377,5627411","373,5876973"
1995,3,"1995,2083","361,98","365,6723143","377,7024226","373,7296214"
1995,4,"1995,2917","363,44","365,8119415","377,8422659","373,8717699"
1995,5,"1995,375","363,83","365,9514012","377,9819357","374,0138019"
1995,6,"1995,4583","363,33","366,0908609","378,1215997","374,1558879"
1995,7,"1995,5417","361,78","366,2304881","378,2614255","374,2981985"
1995,8,"1995,625","359,33","366,3699478","378,4010778","374,4403926"
1995,9,"1995,7083","358,32","366,5094075","378,5407242","374,5826406"
1995,10,"1995,7917","358,14","366,6490347","378,6805325","374,7251135"
1995,11,"1995,875","359,61","366,7884944","378,8201673","374,8674697"
1995,12,"1995,9583","360,82","366,9279541","378,9597963","375,00988"
1996,1,"1996,0417","362,2","367,0675813","379,0995871","375,1525154"
1996,2,"1996,125","363,36","367,207041","379,2392044","375,295034"
1996,3,"1996,2083","364,28","367,3465007","379,3788159","375,4376067"
1996,4,"1996,2917","364,69","367,4861279","379,5185892","375,5804049"
1996,5,"1996,375","365,25","367,6255876","379,658189","375,723086"
1996,6,"1996,4583","365,06","367,7650473","379,7977831","375,8658213"
1996,7,"1996,5417","363,69","367,9046745","379,9375388","376,0087823"
1996,8,"1996,625","361,55","368,0441342","380,0771212","376,1516262"
1996,9,"1996,7083","359,69","368,1835939","380,2166977","376,2945243"
1996,10,"1996,7917","359,72","368,323221","380,356436","376,4376483"
1996,11,"1996,875","361,04","368,4626808","380,4960009","376,5806551"
1996,12,"1996,9583","362,39","368,6021405","380,6355599","376,7237162"
1997,1,"1997,0417","363,24","368,7417676","380,7752807","376,8670035"
1997,2,"1997,125","364,21","368,8812274","380,9148281","377,0101734"
1997,3,"1997,2083","364,65","369,0206871","381,0543697","377,1533977"
1997,4,"1997,2917","366,49","369,1603142","381,194073","377,2968484"
1997,5,"1997,375","366,77","369,299774","381,333603","377,4401816"
1997,6,"1997,4583","365,73","369,4392337","381,4731271","377,5835693"
1997,7,"1997,5417","364,46","369,5788608","381,6128129","377,7271836"
1997,8,"1997,625","362,4","369,7183206","381,7523254","377,8706803"
1997,9,"1997,7083","360,44","369,8577803","381,891832","378,0142315"
1997,10,"1997,7917","360,97","369,9974074","382,0315004","378,1580096"
1997,11,"1997,875","362,65","370,1368672","382,1709954","378,30167"
1997,12,"1997,9583","364,51","370,2763269","382,3104846","378,4453849"
1998,1,"1998,0417","365,39","370,415954","382,4501354","378,589327"
1998,2,"1998,125","366,1","370,5554137","382,589613","378,7331512"
1998,3,"1998,2083","367,36","370,6948735","382,7290848","378,87703"
1998,4,"1998,2917","368,79","370,8345006","382,8687181","379,0211364"
1998,5,"1998,375","369,56","370,9739603","383,0081783","379,1651246"
1998,6,"1998,4583","369,13","371,1134201","383,1476326","379,3091675"
1998,7,"1998,5417","367,98","371,2530472","383,2872485","379,4534382"
1998,8,"1998,625","366,1","371,3925069","383,4266912","379,5975907"
1998,9,"1998,7083","364,16","371,5319667","383,566128","379,7417979"
1998,10,"1998,7917","364,54","371,6715938","383,7057265","379,8862331"
1998,11,"1998,875","365,67","371,8110535","383,8451517","380,03055"
1998,12,"1998,9583","367,3","371,9505133","383,9845712","380,1749217"
1999,1,"1999,0417","368,35","372,0901404","384,1241521","380,3195217"
1999,2,"1999,125","369,28","372,2296001","384,2635599","380,4640032"
1999,3,"1999,2083","369,84","372,3690599","384,4029619","380,6085396"
1999,4,"1999,2917","371,15","372,508687","384,5425255","380,7533045"
1999,5,"1999,375","371,12","372,6481467","384,6819158","380,8979508"
1999,6,"1999,4583","370,46","372,7876064","384,8213004","381,042652"
1999,7,"1999,5417","369,61","372,9272336","384,9608465","381,187582"
1999,8,"1999,625","367,06","373,0666933","385,1002194","381,3323933"
1999,9,"1999,7083","364,95","373,206153","385,2395866","381,4772595"
1999,10,"1999,7917","365,52","373,3457802","385,3791152","381,6223548"
1999,11,"1999,875","366,88","373,4852399","385,5184707","381,7673313"
1999,12,"1999,9583","368,26","373,6246996","385,6578204","381,9123628"
2000,1,"2000,0417","369,45","373,7643268","385,7973316","382,0576236"
2000,2,"2000,125","369,71","373,9037865","385,9366697","382,2027654"
2000,3,"2000,2083","370,75","374,0432462","386,076002","382,3479623"
2000,4,"2000,2917","371,98","374,1828734","386,2154958","382,4933888"
2000,5,"2000,375","371,75","374,3223331","386,3548165","382,6386961"
2000,6,"2000,4583","371,87","374,4617928","386,4941314","382,7840586"
2000,7,"2000,5417","370,02","374,60142","386,6336077","382,929651"
2000,8,"2000,625","368,27","374,7408797","386,772911","383,0751241"
2000,9,"2000,7083","367,15","374,8803394","386,9122084","383,2206524"
2000,10,"2000,7917","367,18","375,0199666","387,0516673","383,3664108"
2000,11,"2000,875","368,53","375,1594263","387,1909532","383,5120498"
2000,12,"2000,9583","369,83","375,298886","387,3302333","383,6577441"
2001,1,"2001,0417","370,76","375,4385132","387,4696748","383,8036688"
2001,2,"2001,125","371,69","375,5779729","387,6089432","383,9494739"
2001,3,"2001,2083","372,63","375,7174326","387,7482059","384,0953344"
2001,4,"2001,2917","373,55","375,8570598","387,8876299","384,2414255"
2001,5,"2001,375","374,03","375,9965195","388,026881","384,3873969"
2001,6,"2001,4583","373,4","376,1359792","388,1661263","384,5334237"
2001,7,"2001,5417","371,68","376,2756063","388,3055329","384,6796814"
2001,8,"2001,625","369,78","376,4150661","388,4447666","384,8258193"
2001,9,"2001,7083","368,34","376,5545258","388,5839945","384,9720127"
2001,10,"2001,7917","368,61","376,6941529","388,7233837","385,1184373"
2001,11,"2001,875","369,94","376,8336127","388,8626","385,2647419"
2001,12,"2001,9583","371,42","376,9730724","389,0018105","385,411102"
2002,1,"2002,0417","372,7","377,1126995","389,1411824","385,5576936"
2002,2,"2002,125","373,37","377,2521593","389,2803813","385,704165"
2002,3,"2002,2083","374,29","377,391619","389,4195744","385,8506921"
2002,4,"2002,2917","375,19","377,5312461","389,5589288","385,9974509"
2002,5,"2002,375","375,93","377,6707059","389,6981103","386,1440894"
2002,6,"2002,4583","375,69","377,8101656","389,8372861","386,2907836"
2002,7,"2002,5417","374,16","377,9497927","389,9766231","386,4377097"
2002,8,"2002,625","372,03","378,0892525","390,1157872","386,5845155"
2002,9,"2002,7083","370,92","378,2287122","390,2549456","386,731377"
2002,10,"2002,7917","370,73","378,3683393","390,3942652","386,8784707"
2002,11,"2002,875","372,43","378,507799","390,533412","387,0254439"
2002,12,"2002,9583","373,98","378,6472588","390,672553","387,172473"
2003,1,"2003,0417","375,07","378,7868859","390,8118553","387,3197345"
2003,2,"2003,125","375,82","378,9263456","390,9509847","387,4668753"
2003,3,"2003,2083","376,64","379,0658054","391,0901083","387,614072"
2003,4,"2003,2917","377,92","379,2054325","391,2293932","387,7615015"
2003,5,"2003,375","378,78","379,3448922","391,3685052","387,9088101"
2003,6,"2003,4583","378,46","379,484352","391,5076115","388,0561748"
2003,7,"2003,5417","376,88","379,6239791","391,646879","388,2037724"
2003,8,"2003,625","374,57","379,7634388","391,7859737","388,3512491"
2003,9,"2003,7083","373,34","379,9028986","391,9250626","388,4987818"
2003,10,"2003,7917","373,31","380,0425257","392,0643127","388,6465477"
2003,11,"2003,875","374,84","380,1819854","392,20339","388,7941926"
2003,12,"2003,9583","376,17","380,3214451","392,3424616","388,9418936"
2004,1,"2004,0417","377,17","380,4610723","392,4816943","389,0898281"
2004,2,"2004,125","378,05","380,600532","392,6207543","389,2376414"
2004,3,"2004,2083","379,06","380,7399917","392,7598085","389,3855108"
2004,4,"2004,2917","380,54","380,8796189","392,8990239","389,533614"
2004,5,"2004,375","380,8","381,0190786","393,0380665","389,6815959"
2004,6,"2004,4583","379,87","381,1585383","393,1771034","389,829634"
2004,7,"2004,5417","377,65","381,2981655","393,3163014","389,9779061"
2004,8,"2004,625","376,17","381,4376252","393,4553267","390,1260568"
2004,9,"2004,7083","374,43","381,5770849","393,5943462","390,2742637"
2004,10,"2004,7917","374,63","381,7167121","393,7335269","390,422705"
2004,11,"2004,875","376,33","381,8561718","393,8725348","390,5710246"
2004,12,"2004,9583","377,68","381,9956315","394,011537","390,7194006"
2005,1,"2005,0417","378,63","382,1352587","394,1507003","390,8680112"
2005,2,"2005,125","379,91","382,2747184","394,289691","391,0165"
2005,3,"2005,2083","380,95","382,4141781","394,4286758","391,1650452"
2005,4,"2005,2917","382,48","382,5538053","394,5678218","391,3138253"
2005,5,"2005,375","382,64","382,693265","394,7067951","391,4624835"
2005,6,"2005,4583","382,4","382,8327247","394,8457626","391,6111981"
2005,7,"2005,5417","380,93","382,9723519","394,9848912","391,7601479"
2005,8,"2005,625","378,93","383,1118116","395,1238472","391,9089756"
2005,9,"2005,7083","376,89","383,2512713","395,2627974","392,0578599"
2005,10,"2005,7917","377,19","383,3908985","395,4019087","392,2069795"
2005,11,"2005,875","378,54","383,5303582","395,5408473","392,355977"
2005,12,"2005,9583","380,31","383,6698179","395,6797802","392,5050311"
2006,1,"2006,0417","381,58","383,8094451","395,8188742","392,6543208"
2006,2,"2006,125","382,4","383,9489048","395,9577955","392,8034882"
2006,3,"2006,2083","382,86","384,0883645","396,0967111","392,9527123"
2006,4,"2006,2917","384,8","384,2279916","396,2357877","393,1021723"
2006,5,"2006,375","385,22","384,3674514","396,3746917","393,2515099"
2006,6,"2006,4583","384,24","384,5069111","396,51359","393,4009042"
2006,7,"2006,5417","382,65","384,6465382","396,6526492","393,5505347"
2006,8,"2006,625","380,6","384,785998","396,791536","393,7000426"
2006,9,"2006,7083","379,04","384,9254577","396,930417","393,8496072"
2006,10,"2006,7917","379,33","385,0650848","397,0694589","393,9994084"
2006,11,"2006,875","380,35","385,2045446","397,2083283","394,1490868"
2006,12,"2006,9583","382,02","385,3440043","397,347192","394,2988221"
2007,1,"2007,0417","383,1","385,4836314","397,4862166","394,4487941"
2007,2,"2007,125","384,12","385,6230912","397,6250687","394,5986432"
2007,3,"2007,2083","384,81","385,7625509","397,7639151","394,7485493"
2007,4,"2007,2917","386,73","385,902178","397,9029224","394,8986923"
2007,5,"2007,375","386,78","386,0416377","398,0417573","395,0487124"
2007,6,"2007,4583","386,33","386,1810975","398,1805864","395,1987894"
2007,7,"2007,5417","384,73","386,3207246","398,3195763","395,3491037"
2007,8,"2007,625","382,24","386,4601843","398,4583939","395,4992949"
2007,9,"2007,7083","381,2","386,5996441","398,5972057","395,6495431"
2007,10,"2007,7917","381,37","386,7392712","398,7361784","395,8000288"
2007,11,"2007,875","382,7","386,8787309","398,8749786","395,9503913"
2007,12,"2007,9583","384,19","387,0181907","399,0137732","396,1008109"
2008,1,"2008,0417","385,78","387,1578178","399,1527285","396,2514683"
2008,2,"2008,125","386,06","387,2972775","399,2915115","396,4020022"
2008,3,"2008,2083","386,28","387,4367373","399,4302888","396,5525934"
2008,4,"2008,2917","387,33","387,5763644","399,5692268","396,7034226"
2008,5,"2008,375","388,78","387,7158241","399,7079925","396,8541283"
2008,6,"2008,4583","387,99","387,8552839","399,8467525","397,0048912"
2008,7,"2008,5417","386,61","387,994911","399,9856733","397,1558924"
2008,8,"2008,625","384,32","388,1343707","400,1244217","397,30677"
2008,9,"2008,7083","383,41","388,2738304","400,2631644","397,4577048"
2008,10,"2008,7917","383,22","388,4134576","400,4020679","397,6088783"
2008,11,"2008,875","384,41","388,5529173","400,5407991","397,759928"
2008,12,"2008,9583","385,79","388,692377","400,6795245","397,911035"
2009,1,"2009,0417","387,17","388,8320042","400,8184107","398,0623809"
2009,2,"2009,125","387,7","388,9714639","400,9571246","398,2136028"
2009,3,"2009,2083","389,04","389,1109236","401,0958328","398,3648822"
2009,4,"2009,2917","389,76","389,2505508","401,2347017","398,5164007"
2009,5,"2009,375","390,36","389,3900105","401,3733984","398,6677951"
2009,6,"2009,4583","389,7","389,5294702","401,5120893","398,819247"
2009,7,"2009,5417","388,24","389,6690974","401,6509409","398,9709384"
2009,8,"2009,625","386,29","389,8085571","401,7896203","399,1225054"
2009,9,"2009,7083","384,95","389,9480168","401,928294","399,2741301"
2009,10,"2009,7917","384,64","390,087644","402,0671284","399,4259945"
2009,11,"2009,875","386,23","390,2271037","402,2057905","399,5777344"
2009,12,"2009,9583","387,63","390,3665634","402,3444469","399,729532"
2010,1,"2010,0417","388,91","390,5061906","402,483264","399,8815696"
2010,2,"2010,125","390,41","390,6456503","402,621909","400,0334826"
2010,3,"2010,2083","391,37","390,78511","402,7605481","400,1854533"
2010,4,"2010,2917","392,67","390,9247372","402,899348","400,3376643"
2010,5,"2010,375","393,21","391,0641969","403,0379756","400,4897506"
2010,6,"2010,4583","392,38","391,2036566","403,1765975","400,6418946"
2010,7,"2010,5417","390,41","391,3432838","403,3153801","400,7942792"
2010,8,"2010,625","388,54","391,4827435","403,4539906","400,946539"
2010,9,"2010,7083","387,03","391,6222032","403,5925952","401,0988566"
2010,10,"2010,7917","387,43","391,7618303","403,7313606","401,251415"
2010,11,"2010,875","388,87","391,9012901","403,8699538","401,4038484"
2010,12,"2010,9583","389,99","392,0407498","404,0085412","401,5563397"
2011,1,"2011,0417","391,5","392,1803769","404,1472893","401,7090721"
2011,2,"2011,125","392,05","392,3198367","404,2858653","401,8616794"
2011,3,"2011,2083","392,8","392,4592964","404,4244355","402,0143447"
2011,4,"2011,2917","393,44","392,5989235","404,5631663","402,1672513"
2011,5,"2011,375","394,41","392,7383833","404,7017251","402,3200326"
2011,6,"2011,4583","393,95","392,877843","404,8402781","402,472872"
2011,7,"2011,5417","392,72","393,0174701","404,9789917","402,625953"
2011,8,"2011,625","390,33","393,1569299","405,1175332","402,7789086"
2011,9,"2011,7083","389,28","393,2963896","405,256069","402,9319223"
2011,10,"2011,7917","389,19","393,4360167","405,3947653","403,0851779"
2011,11,"2011,875","390,48","393,5754765","405,5332896","403,238308"
2011,12,"2011,9583","392,06","393,7149362","405,6718082","403,3914962"
2012,1,"2012,0417","393,31","393,8545633","405,8104873","403,5449266"
2012,2,"2012,125","394,04","393,994023","405,9489944","403,6982313"
2012,3,"2012,2083","394,59","394,1334828","406,0874958","403,8515942"
2012,4,"2012,2917","396,38","394,2731099","406,2261577","404,0051997"
2012,5,"2012,375","396,93","394,4125696","406,3646475","404,1586792"
2012,6,"2012,4583","395,91","394,5520294","406,5031317","404,3122171"
2012,7,"2012,5417","394,56","394,6916565","406,6417764","404,4659977"
2012,8,"2012,625","392,59","394,8311162","406,780249","404,6196523"
2012,9,"2012,7083","391,32","394,970576","406,918716","404,7733653"
2012,10,"2012,7917","391,27","395,1102031","407,0573434","404,9273213"
2012,11,"2012,875","393,2","395,2496628","407,1957989","405,0811512"
2012,12,"2012,9583","394,57","395,3891226","407,3342487","405,2350395"
2013,1,"2013,0417","395,78","395,5287497","407,4728589","405,3891711"
2013,2,"2013,125","397,03","395,6682094","407,6112972","405,5431764"
2013,3,"2013,2083","397,66","395,8076692","407,7497298","405,6972403"
2013,4,"2013,2917","398,64","395,9472963","407,8883228","405,8515477"
2013,5,"2013,375","400,02","396,086756","408,0267439","406,0057287"
2013,6,"2013,4583","398,81","396,2262157","408,1651593","406,1599682"
2013,7,"2013,5417","397,51","396,3658429","408,3037351","406,3144516"
2013,8,"2013,625","395,39","396,5053026","408,442139","406,4688085"
2013,9,"2013,7083","393,72","396,6447623","408,5805372","406,6232239"
2013,10,"2013,7917","393,9","396,7843895","408,7190958","406,7778835"
2013,11,"2013,875","395,36","396,9238492","408,8574825","406,9324164"
2013,12,"2013,9583","397,03","397,0633089","408,9958635","407,087008"
2014,1,"2014,0417","398,04","397,2029361","409,1344049","407,241844"
2014,2,"2014,125","398,27","397,3423958","409,2727745","407,3965532"
2014,3,"2014,2083","399,91","397,4818555","409,4111383","407,5513211"
2014,4,"2014,2917","401,51","397,6214827","409,5496625","407,7063337"
2014,5,"2014,375","401,96","397,7609424","409,6880149","407,8612193"
2014,6,"2014,4583","401,43","397,9004021","409,8263616","408,0161637"
2014,7,"2014,5417","399,27","398,0400293","409,9648686","408,1713532"
2014,8,"2014,625","397,18","398,179489","410,1032038","408,3264154"
2014,9,"2014,7083","395,54","398,3189487","410,2415333","408,4815366"
2014,10,"2014,7917","396,16","398,4585759","410,3800231","408,636903"
2014,11,"2014,875","397,4","398,5980356","410,5183412","408,7921421"
2014,12,"2014,9583","399,08","398,7374953","410,6566535","408,9474402"
2015,1,"2015,0417","400,18","398,8771225","410,7951261","409,1029839"
2015,2,"2015,125","400,55","399,0165822","410,933427","409,2584"
2015,3,"2015,2083","401,74","399,1560419","411,0717222","409,4138753"
2015,4,"2015,2917","403,35","399,2956691","411,2101777","409,5695963"
2015,5,"2015,375","404,15","399,4351288","411,3484614","409,7251898"
2015,6,"2015,4583","402,97","399,5745885","411,4867394","409,8808423"
2015,7,"2015,5417","401,46","399,7142156","411,6251777","410,036741"
2015,8,"2015,625","399,11","399,8536754","411,7634443","410,1925119"
2015,9,"2015,7083","397,82","399,9931351","411,9017052","410,348342"
2015,10,"2015,7917","398,49","400,1327622","412,0401263","410,5044184"
2015,11,"2015,875","400,27","400,272222","412,1783757","410,660367"
2015,12,"2015,9583","402,06","400,4116817","412,3166195","410,8163748"
2016,1,"2016,0417","402,73","400,5513088","412,4550234","410,9726293"
2016,2,"2016,125","404,25","400,6907686","412,5932557","411,1287558"
2016,3,"2016,2083","405,06","400,8302283","412,7314823","411,2849415"
2016,4,"2016,2917","407,6","400,9698554","412,8698691","411,4413742"
2016,5,"2016,375","407,9","401,1093152","413,0080842","411,5976787"
2016,6,"2016,4583","406,99","401,2487749","413,1462937","411,7540427"
2016,7,"2016,5417","404,59","401,388402","413,2846633","411,9106538"
2016,8,"2016,625","402,45","401,5278618","413,4228613","412,0671366"
2016,9,"2016,7083","401,23","401,6673215","413,5610536","412,2236788"
2016,10,"2016,7917","401,79","401,8069486","413,6994061","412,3804686"
2016,11,"2016,875","403,72","401,9464083","413,837587","412,5371299"
2016,12,"2016,9583","404,64","402,0858681","413,9757622","412,6938507"
2017,1,"2017,0417","406,36","402,2254952","414,1140975","412,8508192"
2017,2,"2017,125","406,66","402,3649549","414,2522613","413,0076592"
2017,3,"2017,2083","407,54","402,5044147","414,3904194","413,1645588"
2017,4,"2017,2917","409,22","402,6440418","414,5287376","413,3217064"
2017,5,"2017,375","409,89","402,7835015","414,6668842","413,4787252"
2017,6,"2017,4583","409,08","402,9229613","414,8050251","413,6358037"
2017,7,"2017,5417","407,33","403,0625884","414,9433262","413,7931306"
2017,8,"2017,625","405,32","403,2020481","415,0814557","413,9503285"
2017,9,"2017,7083","403,57","403,3415079","415,2195795","414,1075862"
2017,10,"2017,7917","403,82","403,481135","415,3578634","414,2650925"
2017,11,"2017,875","405,31","403,6205947","415,4959758","414,4224697"
2017,12,"2017,9583",407,"403,7600544","415,6340826","414,5799068"
2018,1,"2018,0417","408,15","403,8996816","415,7723493","414,7375927"
2018,2,"2018,125","408,52","404,0391413","415,9104446","414,8951494"
2018,3,"2018,2083","409,59","404,178601","416,0485342","415,052766"
2018,4,"2018,2917","410,45","404,3182282","416,1867839","415,2106318"
2018,5,"2018,375","411,44","404,4576879","416,3248621","415,3683683"
2018,6,"2018,4583","410,99","404,5971476","416,4629346","415,5261647"
2018,7,"2018,5417","408,9","404,7367748","416,6011671","415,6842105"
2018,8,"2018,625","407,16","404,8762345","416,7392282","415,8421269"
2018,9,"2018,7083","405,71","405,0156942","416,8772836","416,0001032"
2018,10,"2018,7917","406,19","405,1553214","417,015499","416,1583293"
2018,11,"2018,875","408,21","405,2947811","417,153543","416,3164258"
2018,12,"2018,9583","409,27","405,4342408","417,2915813","416,4745823"
2019,1,"2019,0417","411,03","405,573868","417,4297796","416,6329889"
2019,2,"2019,125","411,96","405,7133277","417,5678065","416,7912657"
2019,3,"2019,2083","412,18","405,8527874","417,7058278","416,9496026"
2019,4,"2019,2917","413,55","405,9924146","417,8440089","417,1081899"
2019,5,"2019,375","414,86","406,1318743","417,9820188","417,2666472"
2019,6,"2019,4583","414,15","406,271334","418,1200229","417,4251647"
2019,7,"2019,5417","411,96","406,4109612","418,258187","417,5839329"
2019,8,"2019,625","410,17","406,5504209","418,3961797","417,7425709"
2019,9,"2019,7083","408,76","406,6898806","418,5341667","417,9012693"
2019,10,"2019,7917","408,74","406,8295078","418,6723137","418,0602185"
2019,11,"2019,875","410,47","406,9689675","418,8102894","418,2190375"
2019,12,"2019,9583","411,97","407,1084272","418,9482593","418,3779168"
2020,1,"2020,0417","413,59","407,2480544","419,0863892","418,5370473"
2020,2,"2020,125","414,32","407,3875141","419,2243478","418,6960475"
2020,3,"2020,2083","414,72","407,5269738","419,3623007","418,855108"
2020,4,"2020,2917","416,42","407,6666009","419,5004135","419,01442"
2020,5,"2020,375","417,28","407,8060607","419,638355","419,1736015"
2020,6,"2020,4583","416,58","407,9455204","419,7762908","419,3328435"
2020,7,"2020,5417","414,58","408,0851475","419,9143865","419,4923372"
2020,8,"2020,625","412,75","408,2246073","420,052311","419,6517002"
2020,9,"2020,7083","411,5","408,364067","420,1902297","419,8111238"
2020,10,"2020,7917","411,49","408,5036941","420,3283083","419,9707995"
2020,11,"2020,875","413,1","408,6431539","420,4662157","420,1303443"
2020,12,"2020,9583","414,23","408,7826136","420,6041174","420,2899497"
2021,1,"2021,0417","415,49","408,9222407","420,742179","420,4498075"
2021,2,"2021,125","416,72","409,0617005","420,8800693","420,6095343"
2021,3,"2021,2083","417,61","409,2011602","421,0179539","420,7693217"
2021,4,"2021,2917","419,01","409,3407873","421,1559984","420,9293618"
2021,5,"2021,375","419,09","409,480247","421,2938716","421,0892708"
2021,6,"2021,4583","418,93","409,6197068","421,4317392","421,2492405"
2021,7,"2021,5417","416,9","409,7593339","421,5697666","421,4094631"
2021,8,"2021,625","414,42","409,8987936","421,7076228","421,5695545"
2021,9,"2021,7083","413,26","410,0382534","421,8454733","421,7297066"
2021,10,"2021,7917","413,9","410,1778805","421,9834837","421,890112"
2021,11,"2021,875","414,97","410,3173402","422,1213228","422,050386"
2021,12,"2021,9583","416,67","410,4568","422,2591563","422,2107208"
2022,1,"2022,0417","418,13","410,5964271","422,3971496","422,3713091"
2022,2,"2022,125","419,24","410,7358868","422,5349717","422,5317659"
2022,3,"2022,2083","418,76","410,8753466","422,6727882","422,6922836"
2022,4,"2022,2917","420,19","411,0149737","422,8107644","422,8530551"
2022,5,"2022,375","420,97","411,1544334","422,9485695","423,0136949"
2022,6,"2022,4583","420,94","411,2938932","423,0863689","423,1743957"
2022,7,"2022,5417","418,85","411,4335203","423,224328","423,3353505"
2022,8,"2022,625","417,15","411,57298","423,3621161","423,4961735"
2022,9,"2022,7083","415,91","411,7124397","423,4998984","423,6570576"
2022,10,"2022,7917","415,74","411,8520669","423,6378405","423,818196"
2022,11,"2022,875","417,47","411,9915266","423,7756116","423,9792025"
2022,12,"2022,9583","418,99","412,1309863","423,9133769","424,14027"
2023,1,"2023,0417","419,47","412,2706135","424,051302","424,3015923"
2023,2,"2023,125","420,31","412,4100732","424,189056","424,4627823"
2023,3,"2023,2083","420,99","412,5495329","424,3268043","424,6240336"
2023,4,"2023,2917","423,31","412,6891601","424,4647123","424,7855399"
2023,5,"2023,375",424,"412,8286198","424,6024493","424,9469138"
2023,6,"2023,4583","423,68","412,9680795","424,7401806","425,108349"
2023,7,"2023,5417","421,83","413,1077067","424,8780716","425,2700394"
2023,8,"2023,625","419,68","413,2471664","425,0157915","425,4315974"
2023,9,"2023,7083","418,5","413,3866261","425,1535058","425,5932168"
2023,10,"2023,7917","418,82","413,5262533","425,2913798","425,7550916"
2023,11,"2023,875","420,46","413,665713","425,4290827","425,9168339"
2023,12,"2023,9583","421,86","413,8051727","425,56678","426,0786375"
2024,1,"2024,0417","422,8","413,9447999","425,7046369","426,240697"
2024,2,"2024,125","424,55","414,0842596","425,8423228","426,4026238"
2024,3,"2024,2083","425,38","414,2237193","425,9800031","426,564612"
2024,4,"2024,2917","426,51","414,3633465","426,117843","426,7268563"
2024,5,"2024,375","426,9","414,5028062","426,2555119","426,8889677"